Page,Code,Stage,Focus,UnitPattern,AcquisitionType,ReviewPolicy,Status
1,QJ2-P001,JOINED_FORMS,Konsep sambung dengan ب,24xL3,ACQUISITION,CUMULATIVE_COMPETENCY_REVIEW,ACTIVE
2,QJ2-P002,JOINED_FORMS,ب ت ث: satu kerangka beda titik,24xL3,ACQUISITION,CUMULATIVE_COMPETENCY_REVIEW,ACTIVE
3,QJ2-P003,JOINED_FORMS,ب ت ث ن ي: kontras posisi,24xL3,ACQUISITION,CUMULATIVE_COMPETENCY_REVIEW,ACTIVE
4,QJ2-P004,JOINED_FORMS,ج ح خ: keluarga mangkuk,24xL3,ACQUISITION,CUMULATIVE_COMPETENCY_REVIEW,ACTIVE
5,QJ2-P005,JOINED_FORMS,د ذ ر ز: pemutus sambungan,24xL3,ACQUISITION,CUMULATIVE_COMPETENCY_REVIEW,ACTIVE
6,QJ2-P006,JOINED_FORMS,ا و: pemutus dalam rangkaian,24xL3,ACQUISITION,CUMULATIVE_COMPETENCY_REVIEW,ACTIVE
7,QJ2-P007,JOINED_FORMS,س ش: keluarga gigi,24xL3,ACQUISITION,CUMULATIVE_COMPETENCY_REVIEW,ACTIVE
8,QJ2-P008,JOINED_FORMS,ص ض: keluarga mangkuk tebal,24xL3,ACQUISITION,CUMULATIVE_COMPETENCY_REVIEW,ACTIVE
9,QJ2-P009,JOINED_FORMS,ط ظ: batang tegak,24xL3,ACQUISITION,CUMULATIVE_COMPETENCY_REVIEW,ACTIVE
10,QJ2-P010,JOINED_FORMS,Evaluasi bentuk I,24xL3,EVALUATION,CUMULATIVE_COMPETENCY_REVIEW,ACTIVE
11,QJ2-P011,JOINED_FORMS,ف ق: kepala ekor titik,24xL3,ACQUISITION,CUMULATIVE_COMPETENCY_REVIEW,ACTIVE
12,QJ2-P012,JOINED_FORMS,ك: perubahan khas tiap posisi,24xL3,ACQUISITION,CUMULATIVE_COMPETENCY_REVIEW,ACTIVE
13,QJ2-P013,JOINED_FORMS,ل م: perubahan alur sambung,24xL3,ACQUISITION,CUMULATIVE_COMPETENCY_REVIEW,ACTIVE
14,QJ2-P014,JOINED_FORMS,ع غ: variasi awal tengah akhir,24xL3,ACQUISITION,CUMULATIVE_COMPETENCY_REVIEW,ACTIVE
15,QJ2-P015,JOINED_FORMS,ه: bentuk unik berubah,24xL3,ACQUISITION,CUMULATIVE_COMPETENCY_REVIEW,ACTIVE
16,QJ2-P016,JOINED_FORMS,ت ة ه: ta panjang ta bulat ha,24xL3,ACQUISITION,CUMULATIVE_COMPETENCY_REVIEW,ACTIVE
17,QJ2-P017,JOINED_FORMS,ي ى: kontras bentuk akhir,24xL3,ACQUISITION,CUMULATIVE_COMPETENCY_REVIEW,ACTIVE
18,QJ2-P018,JOINED_FORMS,ء أ إ ؤ ئ: kursi hamzah,24xL3,ACQUISITION,CUMULATIVE_COMPETENCY_REVIEW,ACTIVE
19,QJ2-P019,JOINED_FORMS,Integrasi keluarga bentuk dan pemutus,24xL3,INTEGRATION,CUMULATIVE_COMPETENCY_REVIEW,ACTIVE
20,QJ2-P020,JOINED_FORMS,Evaluasi bentuk II + Checkpoint Nama Huruf III,24xL3,EVALUATION,CUMULATIVE_COMPETENCY_REVIEW,ACTIVE
21,QJ2-P021,TANWIN,Fathatain,8xL3|16xL4,ACQUISITION,CUMULATIVE_COMPETENCY_REVIEW,BLOCKED_ORTHOGRAPHY_GATE
22,QJ2-P022,TANWIN,Kasratain,8xL3|16xL4,ACQUISITION,CUMULATIVE_COMPETENCY_REVIEW,BLOCKED_ORTHOGRAPHY_GATE
23,QJ2-P023,TANWIN,Dhammatain,8xL3|16xL4,ACQUISITION,CUMULATIVE_COMPETENCY_REVIEW,BLOCKED_ORTHOGRAPHY_GATE
24,QJ2-P024,TANWIN,Integrasi tiga tanwin,8xL3|16xL4,INTEGRATION,CUMULATIVE_COMPETENCY_REVIEW,BLOCKED_ORTHOGRAPHY_GATE
25,QJ2-P025,MAD,Orientasi pendek-panjang: dengar tunjuk tirukan,8xL3|16xL4,ORIENTATION,CUMULATIVE_COMPETENCY_REVIEW,PENDING_REGENERATION
26,QJ2-P026,MAD_ALIF,Fathah pendek vs fathah + alif,8xL3|16xL4,ACQUISITION,CUMULATIVE_COMPETENCY_REVIEW,PENDING_REGENERATION
27,QJ2-P027,MAD_ALIF,Alif mad pada tiga huruf,8xL3|16xL4,ACQUISITION,CUMULATIVE_COMPETENCY_REVIEW,PENDING_REGENERATION
28,QJ2-P028,MAD_ALIF,Alif mad pada empat huruf dan huruf pemutus,8xL3|16xL4,ACQUISITION,CUMULATIVE_COMPETENCY_REVIEW,PENDING_REGENERATION
29,QJ2-P029,MAD_ALIF,Transfer alif mad ke kata bermakna/Qurani,8xL3|16xL4,TRANSFER,CUMULATIVE_COMPETENCY_REVIEW,PENDING_REGENERATION
30,QJ2-P030,MAD_ALIF,Evaluasi alif mad dan kontras pendek,8xL3|16xL4,EVALUATION,CUMULATIVE_COMPETENCY_REVIEW,PENDING_REGENERATION
31,QJ2-P031,MAD_YA,Kasrah pendek vs kasrah + ya mad,8xL3|16xL4,ACQUISITION,CUMULATIVE_COMPETENCY_REVIEW,PENDING_REGENERATION
32,QJ2-P032,MAD_YA,Ya mad pada tiga huruf,8xL3|16xL4,ACQUISITION,CUMULATIVE_COMPETENCY_REVIEW,PENDING_REGENERATION
33,QJ2-P033,MAD_YA,Ya mad pada empat huruf dan transfer,8xL3|16xL4,TRANSFER,CUMULATIVE_COMPETENCY_REVIEW,PENDING_REGENERATION
34,QJ2-P034,MAD_YA,Ya mad vs ya konsonan; murojaah alif,8xL3|16xL4,CONTRAST,CUMULATIVE_COMPETENCY_REVIEW,PENDING_REGENERATION
35,QJ2-P035,MAD_WAW,Dhammah pendek vs dhammah + waw mad,8xL3|16xL4,ACQUISITION,CUMULATIVE_COMPETENCY_REVIEW,PENDING_REGENERATION
36,QJ2-P036,MAD_WAW,Waw mad pada tiga huruf,8xL3|16xL4,ACQUISITION,CUMULATIVE_COMPETENCY_REVIEW,PENDING_REGENERATION
37,QJ2-P037,MAD_WAW,Waw mad pada empat huruf dan transfer,8xL3|16xL4,TRANSFER,CUMULATIVE_COMPETENCY_REVIEW,PENDING_REGENERATION
38,QJ2-P038,MAD_WAW,Waw mad vs waw konsonan; murojaah alif/ya,8xL3|16xL4,CONTRAST,CUMULATIVE_COMPETENCY_REVIEW,PENDING_REGENERATION
39,QJ2-P039,MAD_INTEGRATION,Integrasi tiga mad dan kontras pendek-panjang,8xL3|16xL4,INTEGRATION,CUMULATIVE_COMPETENCY_REVIEW,PENDING_REGENERATION
40,QJ2-P040,MAD_INTEGRATION,Evaluasi akhir + Checkpoint Nama Huruf IV,8xL3|16xL4,EVALUATION,CUMULATIVE_COMPETENCY_REVIEW,PENDING_REGENERATION
